CREATE TABLE student (registernumber int(5) NOT NULL PRIMARY KEY, name varchar(50) NOT NULL, semester int(1) NOT NULL, branchcode varchar(3));

CREATE TABLE branch (branch_id int(2) AUTO_INCREMENT PRIMARY KEY, branchcode varchar(3), branchname varchar(100));

CREATE TABLE subject (subid int(10) AUTO_INCREMENT PRIMARY KEY, subcode varchar(10), subjectname varchar(100), semester int(1), branchcode varchar(3));

CREATE TABLE teacher (teacher_id int(5) NOT NULL PRIMARY KEY, teacher_name varchar(100), subject_code varchar(10), branchcode varchar(3), departmentid int(5));

CREATE TABLE department (dept_id int(5) PRIMARY KEY, dept_name varchar (100));

CREATE TABLE result (id int(10) AUTO_INCREMENT PRIMARY KEY, regno int(5), sub_code varchar(10), sem int(1), mark double);


INSERT INTO branch (branchcode, branchname) VALUES ("cs", "Computer Science"), ("ec", "Electronics and Communication Engineering"), ("eee","Electrical and Electronics Engineering"), ("me", "Mechanical Engineering"), ("it", "Information technology");

INSERT INTO subject (subcode, subjectname, semester, branchcode) VALUES ("sub1", "Subject 1", 1, "cs"), ("sub2", "Subject 2", 1, "cs"), ("sub3" , "Subject 3", 1, "cs"), ("sub4", "Subject 4", 1, "cs");
INSERT INTO subject (subcode, subjectname, semester, branchcode) VALUES ("sub5", "Subject 5", 2, "cs"), ("sub6", "Subject 6", 2, "cs"), ("sub7" , "Subject 7", 2, "cs"), ("sub8", "Subject 8", 2, "cs");
INSERT INTO subject (subcode, subjectname, semester, branchcode) VALUES ("sub1", "Subject 1", 1, "ec"), ("sub2", "Subject 2", 1, "ec"), ("sub3" , "Subject 3", 1, "ec"), ("sub4", "Subject 4", 1, "ec");
INSERT INTO subject (subcode, subjectname, semester, branchcode) VALUES ("sub5", "Subject 5", 2, "ec"), ("sub6", "Subject 6", 2, "ec"), ("sub7" , "Subject 7", 2, "ec"), ("sub8", "Subject 8", 2, "ec");
INSERT INTO subject (subcode, subjectname, semester, branchcode) VALUES ("sub1", "Subject 1", 1, "eee"), ("sub2", "Subject 2", 1, "eee"), ("sub3" , "Subject 3", 1, "eee"), ("sub4", "Subject 4", 1, "eee");
INSERT INTO subject (subcode, subjectname, semester, branchcode) VALUES ("sub5", "Subject 5", 2, "eee"), ("sub6", "Subject 6", 2, "eee"), ("sub7" , "Subject 7", 2, "eee"), ("sub8", "Subject 8", 2, "eee");
INSERT INTO subject (subcode, subjectname, semester, branchcode) VALUES ("sub1", "Subject 1", 1, "me"), ("sub2", "Subject 2", 1, "me"), ("sub3" , "Subject 3", 1, "me"), ("sub4", "Subject 4", 1, "me");
INSERT INTO subject (subcode, subjectname, semester, branchcode) VALUES ("sub5", "Subject 5", 2, "me"), ("sub6", "Subject 6", 2, "me"), ("sub7" , "Subject 7", 2, "me"), ("sub8", "Subject 8", 2, "me");
INSERT INTO subject (subcode, subjectname, semester, branchcode) VALUES ("sub1", "Subject 1", 1, "it"), ("sub2", "Subject 2", 1, "it"), ("sub3" , "Subject 3", 1, "it"), ("sub4", "Subject 4", 1, "it");
INSERT INTO subject (subcode, subjectname, semester, branchcode) VALUES ("sub5", "Subject 5", 2, "it"), ("sub6", "Subject 6", 2, "it"), ("sub7" , "Subject 7", 2, "it"), ("sub8", "Subject 8", 2, "it");

INSERT INTO department (dept_id, dept_name) VALUES (1, "CS Department"), (2, "EC Department"), (3, "EEE Department"), (4, "ME Department"), (5, "IT Department");

INSERT INTO teacher (teacher_id, teacher_name, subject_code, branchcode, departmentid) VALUES 
(1, "Teacher Name 1", "sub1", "cs", 1), 
(2, "Teacher Name 2", "sub2", "ec", 1),
(3, "Teacher Name 3", "sub3", "eee", 1),
(4, "Teacher Name 4", "sub4", "me", 1),
(5, "Teacher Name 5", "sub5", "it", 1),
(6, "Teacher Name 6", "sub6", "cs", 1),
(7, "Teacher Name 7", "sub7", "ec", 1),
(8, "Teacher Name 8", "sub8", "eee", 1);

CREATE TABLE result (id int(10) AUTO_INCREMENT PRIMARY KEY, regno int(5), sub_code varchar(10), sem int(1), mark double);
INSERT INTO result (regno, sub_code, sem, mark) VALUES
(1, "sub1", 1, 100);
INSERT INTO result (regno, sub_code, sem, mark) VALUES (1, "sub1", 1, 66), 
(1, "sub2", 1, 91), 
(1, "sub3", 1, 67), 
(1, "sub4", 1, 67), 
(2, "sub5", 2, 61), 
(2, "sub6", 2, 73), 
(2, "sub7", 2, 87), 
(2, "sub8", 2, 52), 
(3, "sub1", 1, 69), 
(3, "sub2", 1, 71), 
(3, "sub3", 1, 95), 
(3, "sub4", 1, 35), 
(4, "sub5", 2, 91), 
(4, "sub6", 2, 41), 
(4, "sub7", 2, 65), 
(4, "sub8", 2, 73), 
(5, "sub1", 1, 84), 
(5, "sub2", 1, 52), 
(5, "sub3", 1, 72), 
(5, "sub4", 1, 91), 
(6, "sub5", 2, 62), 
(6, "sub6", 2, 36), 
(6, "sub7", 2, 60), 
(6, "sub8", 2, 90), 
(7, "sub1", 1, 46), 
(7, "sub2", 1, 90), 
(7, "sub3", 1, 30), 
(7, "sub4", 1, 70), 
(8, "sub5", 2, 95), 
(8, "sub6", 2, 83), 
(8, "sub7", 2, 34), 
(8, "sub8", 2, 100), 
(9, "sub1", 1, 81), 
(9, "sub2", 1, 37), 
(9, "sub3", 1, 51), 
(9, "sub4", 1, 53), 
(10, "sub5", 2, 51), 
(10, "sub6", 2, 77), 
(10, "sub7", 2, 75), 
(10, "sub8", 2, 92), 
(11, "sub1", 1, 93), 
(11, "sub2", 1, 33), 
(11, "sub3", 1, 79), 
(11, "sub4", 1, 72), 
(12, "sub5", 2, 79), 
(12, "sub6", 2, 49), 
(12, "sub7", 2, 98), 
(12, "sub8", 2, 34), 
(13, "sub1", 1, 92), 
(13, "sub2", 1, 91), 
(13, "sub3", 1, 72), 
(13, "sub4", 1, 39), 
(14, "sub5", 2, 94), 
(14, "sub6", 2, 51), 
(14, "sub7", 2, 94), 
(14, "sub8", 2, 51), 
(15, "sub1", 1, 33), 
(15, "sub2", 1, 91), 
(15, "sub3", 1, 31), 
(15, "sub4", 1, 35), 
(16, "sub5", 2, 49), 
(16, "sub6", 2, 72), 
(16, "sub7", 2, 56), 
(16, "sub8", 2, 62), 
(17, "sub1", 1, 47), 
(17, "sub2", 1, 65), 
(17, "sub3", 1, 81), 
(17, "sub4", 1, 98), 
(18, "sub5", 2, 95), 
(18, "sub6", 2, 65), 
(18, "sub7", 2, 97), 
(18, "sub8", 2, 84), 
(19, "sub1", 1, 91), 
(19, "sub2", 1, 71), 
(19, "sub3", 1, 50), 
(19, "sub4", 1, 59), 
(20, "sub5", 2, 79), 
(20, "sub6", 2, 99), 
(20, "sub7", 2, 73), 
(20, "sub8", 2, 87), 
(21, "sub1", 1, 78), 
(21, "sub2", 1, 44), 
(21, "sub3", 1, 75), 
(21, "sub4", 1, 86), 
(22, "sub5", 2, 44), 
(22, "sub6", 2, 55), 
(22, "sub7", 2, 82), 
(22, "sub8", 2, 88), 
(23, "sub1", 1, 56), 
(23, "sub2", 1, 51), 
(23, "sub3", 1, 66), 
(23, "sub4", 1, 50), 
(24, "sub5", 2, 49), 
(24, "sub6", 2, 65), 
(24, "sub7", 2, 50), 
(24, "sub8", 2, 68), 
(25, "sub1", 1, 96), 
(25, "sub2", 1, 66), 
(25, "sub3", 1, 92), 
(25, "sub4", 1, 54), 
(26, "sub5", 2, 59), 
(26, "sub6", 2, 42), 
(26, "sub7", 2, 80), 
(26, "sub8", 2, 40), 
(27, "sub1", 1, 66), 
(27, "sub2", 1, 99), 
(27, "sub3", 1, 98), 
(27, "sub4", 1, 44), 
(28, "sub5", 2, 57), 
(28, "sub6", 2, 36), 
(28, "sub7", 2, 71), 
(28, "sub8", 2, 70), 
(29, "sub1", 1, 91), 
(29, "sub2", 1, 40), 
(29, "sub3", 1, 44), 
(29, "sub4", 1, 30), 
(30, "sub5", 2, 32), 
(30, "sub6", 2, 96), 
(30, "sub7", 2, 91), 
(30, "sub8", 2, 62), 
(31, "sub1", 1, 92), 
(31, "sub2", 1, 30), 
(31, "sub3", 1, 76), 
(31, "sub4", 1, 89), 
(32, "sub5", 2, 65), 
(32, "sub6", 2, 50), 
(32, "sub7", 2, 89), 
(32, "sub8", 2, 70), 
(33, "sub1", 1, 83), 
(33, "sub2", 1, 62), 
(33, "sub3", 1, 33), 
(33, "sub4", 1, 97), 
(34, "sub5", 2, 95), 
(34, "sub6", 2, 59), 
(34, "sub7", 2, 39), 
(34, "sub8", 2, 53), 
(35, "sub1", 1, 68), 
(35, "sub2", 1, 40), 
(35, "sub3", 1, 95), 
(35, "sub4", 1, 42), 
(36, "sub5", 2, 78), 
(36, "sub6", 2, 61), 
(36, "sub7", 2, 73), 
(36, "sub8", 2, 88), 
(37, "sub1", 1, 85), 
(37, "sub2", 1, 59), 
(37, "sub3", 1, 63), 
(37, "sub4", 1, 33), 
(38, "sub5", 2, 89), 
(38, "sub6", 2, 41), 
(38, "sub7", 2, 100), 
(38, "sub8", 2, 91), 
(39, "sub1", 1, 81), 
(39, "sub2", 1, 91), 
(39, "sub3", 1, 98), 
(39, "sub4", 1, 54), 
(40, "sub5", 2, 71), 
(40, "sub6", 2, 97), 
(40, "sub7", 2, 78), 
(40, "sub8", 2, 38), 
(41, "sub1", 1, 30), 
(41, "sub2", 1, 68), 
(41, "sub3", 1, 39), 
(41, "sub4", 1, 92), 
(42, "sub5", 2, 41), 
(42, "sub6", 2, 63), 
(42, "sub7", 2, 58), 
(42, "sub8", 2, 49), 
(43, "sub1", 1, 76), 
(43, "sub2", 1, 53), 
(43, "sub3", 1, 93), 
(43, "sub4", 1, 57), 
(44, "sub5", 2, 67), 
(44, "sub6", 2, 49), 
(44, "sub7", 2, 42), 
(44, "sub8", 2, 31), 
(45, "sub1", 1, 42), 
(45, "sub2", 1, 45), 
(45, "sub3", 1, 66), 
(45, "sub4", 1, 58), 
(46, "sub5", 2, 91), 
(46, "sub6", 2, 55), 
(46, "sub7", 2, 94), 
(46, "sub8", 2, 40), 
(47, "sub1", 1, 98), 
(47, "sub2", 1, 84), 
(47, "sub3", 1, 52), 
(47, "sub4", 1, 83), 
(48, "sub5", 2, 81), 
(48, "sub6", 2, 76), 
(48, "sub7", 2, 100), 
(48, "sub8", 2, 39), 
(49, "sub1", 1, 80), 
(49, "sub2", 1, 67), 
(49, "sub3", 1, 30), 
(49, "sub4", 1, 68), 
(50, "sub5", 2, 55), 
(50, "sub6", 2, 76), 
(50, "sub7", 2, 56), 
(50, "sub8", 2, 80), 
(51, "sub1", 1, 78), 
(51, "sub2", 1, 77), 
(51, "sub3", 1, 54), 
(51, "sub4", 1, 60), 
(52, "sub5", 2, 78), 
(52, "sub6", 2, 78), 
(52, "sub7", 2, 79), 
(52, "sub8", 2, 65), 
(53, "sub1", 1, 82), 
(53, "sub2", 1, 32), 
(53, "sub3", 1, 67), 
(53, "sub4", 1, 40), 
(54, "sub5", 2, 84), 
(54, "sub6", 2, 88), 
(54, "sub7", 2, 99), 
(54, "sub8", 2, 52), 
(55, "sub1", 1, 49), 
(55, "sub2", 1, 56), 
(55, "sub3", 1, 74), 
(55, "sub4", 1, 49), 
(56, "sub5", 2, 98), 
(56, "sub6", 2, 98), 
(56, "sub7", 2, 52), 
(56, "sub8", 2, 63), 
(57, "sub1", 1, 38), 
(57, "sub2", 1, 75), 
(57, "sub3", 1, 86), 
(57, "sub4", 1, 30), 
(58, "sub5", 2, 79), 
(58, "sub6", 2, 47), 
(58, "sub7", 2, 47), 
(58, "sub8", 2, 53), 
(59, "sub1", 1, 66), 
(59, "sub2", 1, 62), 
(59, "sub3", 1, 88), 
(59, "sub4", 1, 96), 
(60, "sub5", 2, 65), 
(60, "sub6", 2, 80), 
(60, "sub7", 2, 44), 
(60, "sub8", 2, 30), 
(61, "sub1", 1, 92), 
(61, "sub2", 1, 54), 
(61, "sub3", 1, 72), 
(61, "sub4", 1, 87), 
(62, "sub5", 2, 38), 
(62, "sub6", 2, 71), 
(62, "sub7", 2, 72), 
(62, "sub8", 2, 97), 
(63, "sub1", 1, 66), 
(63, "sub2", 1, 44), 
(63, "sub3", 1, 59), 
(63, "sub4", 1, 77), 
(64, "sub5", 2, 31), 
(64, "sub6", 2, 83), 
(64, "sub7", 2, 79), 
(64, "sub8", 2, 46), 
(65, "sub1", 1, 59), 
(65, "sub2", 1, 47), 
(65, "sub3", 1, 86), 
(65, "sub4", 1, 45), 
(66, "sub5", 2, 64), 
(66, "sub6", 2, 78), 
(66, "sub7", 2, 41), 
(66, "sub8", 2, 90), 
(67, "sub1", 1, 47), 
(67, "sub2", 1, 76), 
(67, "sub3", 1, 63), 
(67, "sub4", 1, 54), 
(68, "sub5", 2, 54), 
(68, "sub6", 2, 48), 
(68, "sub7", 2, 87), 
(68, "sub8", 2, 79), 
(69, "sub1", 1, 79), 
(69, "sub2", 1, 33), 
(69, "sub3", 1, 89), 
(69, "sub4", 1, 77), 
(70, "sub5", 2, 60), 
(70, "sub6", 2, 82), 
(70, "sub7", 2, 31), 
(70, "sub8", 2, 85), 
(71, "sub1", 1, 91), 
(71, "sub2", 1, 60), 
(71, "sub3", 1, 100), 
(71, "sub4", 1, 69), 
(72, "sub5", 2, 37), 
(72, "sub6", 2, 98), 
(72, "sub7", 2, 90), 
(72, "sub8", 2, 36), 
(73, "sub1", 1, 72), 
(73, "sub2", 1, 92), 
(73, "sub3", 1, 90), 
(73, "sub4", 1, 46), 
(74, "sub5", 2, 52), 
(74, "sub6", 2, 54), 
(74, "sub7", 2, 59), 
(74, "sub8", 2, 99), 
(75, "sub1", 1, 92), 
(75, "sub2", 1, 84), 
(75, "sub3", 1, 41), 
(75, "sub4", 1, 57), 
(76, "sub5", 2, 80), 
(76, "sub6", 2, 90), 
(76, "sub7", 2, 97), 
(76, "sub8", 2, 68), 
(77, "sub1", 1, 82), 
(77, "sub2", 1, 67), 
(77, "sub3", 1, 76), 
(77, "sub4", 1, 86), 
(78, "sub5", 2, 62), 
(78, "sub6", 2, 35), 
(78, "sub7", 2, 81), 
(78, "sub8", 2, 58), 
(79, "sub1", 1, 58), 
(79, "sub2", 1, 90), 
(79, "sub3", 1, 38), 
(79, "sub4", 1, 77), 
(80, "sub5", 2, 67), 
(80, "sub6", 2, 89), 
(80, "sub7", 2, 84), 
(80, "sub8", 2, 69), 
(81, "sub1", 1, 60), 
(81, "sub2", 1, 89), 
(81, "sub3", 1, 92), 
(81, "sub4", 1, 75), 
(82, "sub5", 2, 100), 
(82, "sub6", 2, 46), 
(82, "sub7", 2, 36), 
(82, "sub8", 2, 96), 
(83, "sub1", 1, 100), 
(83, "sub2", 1, 35), 
(83, "sub3", 1, 56), 
(83, "sub4", 1, 71), 
(84, "sub5", 2, 50), 
(84, "sub6", 2, 64), 
(84, "sub7", 2, 84), 
(84, "sub8", 2, 31), 
(85, "sub1", 1, 84), 
(85, "sub2", 1, 30), 
(85, "sub3", 1, 73), 
(85, "sub4", 1, 75), 
(86, "sub5", 2, 91), 
(86, "sub6", 2, 36), 
(86, "sub7", 2, 64), 
(86, "sub8", 2, 51), 
(87, "sub1", 1, 52), 
(87, "sub2", 1, 41), 
(87, "sub3", 1, 42), 
(87, "sub4", 1, 80), 
(88, "sub5", 2, 38), 
(88, "sub6", 2, 55), 
(88, "sub7", 2, 42), 
(88, "sub8", 2, 89), 
(89, "sub1", 1, 94), 
(89, "sub2", 1, 70), 
(89, "sub3", 1, 95), 
(89, "sub4", 1, 61), 
(90, "sub5", 2, 70), 
(90, "sub6", 2, 79), 
(90, "sub7", 2, 51), 
(90, "sub8", 2, 36), 
(91, "sub1", 1, 52), 
(91, "sub2", 1, 67), 
(91, "sub3", 1, 83), 
(91, "sub4", 1, 86), 
(92, "sub5", 2, 64), 
(92, "sub6", 2, 41), 
(92, "sub7", 2, 32), 
(92, "sub8", 2, 89), 
(93, "sub1", 1, 50), 
(93, "sub2", 1, 84), 
(93, "sub3", 1, 38), 
(93, "sub4", 1, 35), 
(94, "sub5", 2, 66), 
(94, "sub6", 2, 91), 
(94, "sub7", 2, 41), 
(94, "sub8", 2, 34), 
(95, "sub1", 1, 63), 
(95, "sub2", 1, 78), 
(95, "sub3", 1, 50), 
(95, "sub4", 1, 54), 
(96, "sub5", 2, 44), 
(96, "sub6", 2, 36), 
(96, "sub7", 2, 47), 
(96, "sub8", 2, 48), 
(97, "sub1", 1, 77), 
(97, "sub2", 1, 70), 
(97, "sub3", 1, 40), 
(97, "sub4", 1, 77), 
(98, "sub5", 2, 59), 
(98, "sub6", 2, 68), 
(98, "sub7", 2, 57), 
(98, "sub8", 2, 46), 
(99, "sub1", 1, 65), 
(99, "sub2", 1, 85), 
(99, "sub3", 1, 53), 
(99, "sub4", 1, 78), 
(100, "sub5", 2, 34), 
(100, "sub6", 2, 72), 
(100, "sub7", 2, 31), 
(100, "sub8", 2, 62);


-- # python command generator
-- import random

-- sems = [1, 2, 3, 4, 5]
-- sem1_subs = ["sub1", "sub2", "sub3", "sub4"]
-- sem2_subs = ["sub5", "sub6", "sub7", "sub8"]

-- cmd = "INSERT INTO result (regno, sub_code, sem, mark) VALUES "
-- values = ""

-- sem = 1
-- for student in range(1, 101):
--     if sem == 1:
--         for sub in sem1_subs:
--             cmd += f"""({student}, "{sub}", {sem}, {random.randint(30, 100)}), \n"""
--     else:
--         for sub in sem2_subs:
--             cmd += f"""({student}, "{sub}", {sem}, {random.randint(30, 100)}), \n"""
--     if student%10 == 0 and not student == 0:
--         if sem == 1: sem = 2
--         elif sem == 2: sem = 1

-- cmd = cmd[:-3] + ";"
-- print(cmd)
